{"cameraMode":{"drawMode":0,"name":"Shaded","section":"Shading Mode"},"sceneLighting":true,"audioPlay":false,"sceneViewState":{"showFog":true,"showMaterialUpdate":false,"showSkybox":true,"showFlares":true,"showImageEffects":true,"showParticleSystems":true,"showVisualEffectGraphs":true,"m_FxEnabled":true},"in2DMode":false,"pivot":{"x":1.238905906677246,"y":6.747615814208984,"z":17.735889434814454},"rotation":{"x":-0.10056294500827789,"y":-0.040876857936382297,"z":0.004063657950609922,"w":-0.9941367506980896},"size":7.803969383239746,"orthographic":false}