{"cameraMode":{"drawMode":0,"name":"Shaded","section":"Shading Mode"},"sceneLighting":true,"audioPlay":false,"sceneViewState":{"showFog":true,"showMaterialUpdate":false,"showSkybox":true,"showFlares":true,"showImageEffects":true,"showParticleSystems":true,"showVisualEffectGraphs":true,"m_FxEnabled":true},"in2DMode":false,"pivot":{"x":-0.2105395793914795,"y":0.6550750136375427,"z":-0.15798485279083253},"rotation":{"x":-0.057409875094890597,"y":0.9181841611862183,"z":-0.14470134675502778,"w":-0.3642871677875519},"size":2.1073949337005617,"orthographic":false}